Incident Number,Incident Created Date,Configuration
IM30261934,9/3/2020,Server
IM30262052,9/3/2020,Voice Gateway
IM30262278,9/3/2020,Voice Gateway
IM30262378,9/3/2020,Voice Gateway
IM30262631,9/3/2020,Server
IM30262639,9/3/2020,Router
IM30262640,9/3/2020,Router
IM30262641,9/3/2020,Router
IM30262737,9/3/2020,Router
IM30262766,9/3/2020,Router
IM30262778,9/3/2020,Router
IM30262805,9/3/2020,Voice Gateway
IM30262906,9/3/2020,Voice Gateway
IM30262941,9/3/2020,Router
IM30263183,9/3/2020,Server
IM30263227,9/3/2020,Server
IM30263376,9/3/2020,Application Instance
IM30263391,9/3/2020,Incident Collector
IM30263546,9/3/2020,Incident Collector
IM30264160,9/3/2020,Router
IM30264284,9/3/2020,Incident Collector
IM30264340,9/3/2020,Application Instance
IM30264349,9/3/2020,Switch
IM30264397,9/3/2020,Application Instance Part
IM30264432,9/3/2020,Application
IM30264469,9/3/2020,Server
IM30264606,9/3/2020,Application
IM30264664,9/3/2020,Router
IM30264764,9/3/2020,Incident Collector
IM30264855,9/3/2020,Switch
IM30264865,9/3/2020,Switch
IM30264913,9/3/2020,Server
IM30264927,9/3/2020,Application
IM30264928,9/3/2020,Application
IM30264982,9/3/2020,Router
IM30264993,9/3/2020,Application
IM30265301,9/3/2020,Server
IM30265361,9/3/2020,SAN Switch
IM30265399,9/3/2020,Server
IM30265419,9/3/2020,Server
IM30265494,9/3/2020,Server
IM30265503,9/3/2020,Server
IM30266149,9/3/2020,Incident Collector
IM30266151,9/3/2020,Server
IM30266188,9/3/2020,Server
IM30266221,9/3/2020,Incident Collector
IM30266375,9/3/2020,Application
IM30266391,9/3/2020,Server
IM30266400,9/3/2020,Server
IM30266433,9/3/2020,Application
IM30266454,9/3/2020,Application
IM30266479,9/3/2020,Server
IM30266485,9/3/2020,Incident Collector
IM30266504,9/3/2020,Server
IM30266547,9/3/2020,Server
IM30266652,9/3/2020,Switch
IM30266671,9/3/2020,Switch
IM30266673,9/3/2020,Wireless Access Point
IM30266748,9/3/2020,Switch
IM30266749,9/3/2020,Switch
IM30266752,9/3/2020,Switch
IM30266753,9/3/2020,Switch
IM30266756,9/3/2020,Switch
IM30266762,9/3/2020,Switch
IM30266766,9/3/2020,Switch
IM30266780,9/3/2020,Firewall
IM30266801,9/3/2020,Server
IM30266812,9/3/2020,Incident Collector
IM30266820,9/3/2020,Incident Collector
IM30262917,9/3/2020,Server
IM30262954,9/3/2020,Server
IM30263153,9/3/2020,Router
IM30263770,9/3/2020,Server
IM30264408,9/3/2020,Router
IM30264478,9/3/2020,Server
IM30265448,9/3/2020,Virtual Server Instance
IM30265493,9/3/2020,Server
IM30265501,9/3/2020,Application
IM30266203,9/3/2020,Router
IM30266250,9/3/2020,Incident Collector
IM30266378,9/3/2020,Application
IM30266422,9/3/2020,Incident Collector
IM30264702,9/3/2020,Router
IM30266376,9/3/2020,Application
IM30264198,9/3/2020,Virtual Server Instance
IM30265458,9/3/2020,Application Instance
IM30266856,9/4/2020,Server
IM30267236,9/4/2020,Switch
IM30267255,9/4/2020,Router
IM30267266,9/4/2020,Switch
IM30267311,9/4/2020,Router
IM30267399,9/4/2020,Router
IM30267881,9/4/2020,Router
IM30267939,9/4/2020,Router
IM30267992,9/4/2020,Application
IM30268013,9/4/2020,Application
IM30268361,9/4/2020,Switch
IM30268371,9/4/2020,Router
IM30268379,9/4/2020,Firewall
IM30268444,9/4/2020,Server
IM30268592,9/4/2020,Application
IM30268934,9/4/2020,Application
IM30269090,9/4/2020,Application Instance
IM30269096,9/4/2020,Firewall
IM30269111,9/4/2020,Router
IM30269134,9/4/2020,Router
IM30269144,9/4/2020,Server
IM30269145,9/4/2020,Wireless Access Point
IM30269156,9/4/2020,Router
IM30269244,9/4/2020,Wireless Access Point
IM30269452,9/4/2020,Server
IM30269482,9/4/2020,Server
IM30269546,9/4/2020,Router
IM30269595,9/4/2020,Router
IM30269603,9/4/2020,Switch
IM30269606,9/4/2020,Switch
IM30269609,9/4/2020,Switch
IM30269610,9/4/2020,Router
IM30269613,9/4/2020,Switch
IM30269618,9/4/2020,Router
IM30269620,9/4/2020,Router
IM30269621,9/4/2020,Router
IM30269623,9/4/2020,Router
IM30269624,9/4/2020,Switch
IM30269629,9/4/2020,Switch
IM30269639,9/4/2020,Application
IM30269647,9/4/2020,Firewall
IM30269755,9/4/2020,Application
IM30269852,9/4/2020,Server
IM30269861,9/4/2020,Router
IM30269908,9/4/2020,Router
IM30270166,9/4/2020,Server
IM30270175,9/4/2020,Server
IM30270214,9/4/2020,Incident Collector
IM30270303,9/4/2020,Incident Collector
IM30270310,9/4/2020,Switch
IM30270623,9/4/2020,Incident Collector
IM30270699,9/4/2020,Router
IM30270710,9/4/2020,Router
IM30271219,9/4/2020,Router
IM30267382,9/4/2020,System Enclosure
IM30267937,9/4/2020,Server
IM30268544,9/4/2020,Server
IM30269117,9/4/2020,Server
IM30269361,9/4/2020,Application
IM30269399,9/4/2020,Application
IM30269402,9/4/2020,Application
IM30269499,9/4/2020,Application
IM30269612,9/4/2020,Switch
IM30269848,9/4/2020,Service Component
IM30269856,9/4/2020,Router
IM30269882,9/4/2020,Application
IM30270078,9/4/2020,Server
IM30270760,9/4/2020,Server
IM30270784,9/4/2020,Server
IM30271103,9/4/2020,Server
IM30267922,9/4/2020,Server
IM30269906,9/4/2020,Router
IM30270297,9/4/2020,Server
IM30273003,9/5/2020,Firewall
IM30273120,9/5/2020,Router
IM30273295,9/5/2020,Router
IM30273311,9/5/2020,Wireless Access Point
IM30273598,9/5/2020,Router
IM30274015,9/5/2020,Wireless Access Point
IM30274019,9/5/2020,Wireless Access Point
IM30274260,9/5/2020,Voice Gateway
IM30274346,9/5/2020,Wireless Access Point
IM30274437,9/5/2020,Wireless Access Point
IM30274745,9/5/2020,Voice Gateway
IM30274876,9/5/2020,Incident Collector
IM30274950,9/5/2020,Router
IM30274951,9/5/2020,Switch
IM30274953,9/5/2020,Firewall
IM30274970,9/5/2020,Router
IM30274976,9/5/2020,Router
IM30275105,9/5/2020,Switch
IM30275369,9/5/2020,Wireless Access Point
IM30275564,9/5/2020,Server
IM30276019,9/5/2020,Application
IM30276222,9/5/2020,Incident Collector
IM30276614,9/5/2020,Switch
IM30276819,9/5/2020,Router
IM30276828,9/5/2020,Router
IM30273202,9/5/2020,Application
IM30276255,9/5/2020,Incident Collector
IM30276351,9/5/2020,Router
IM30276540,9/5/2020,Server
IM30276624,9/5/2020,Switch
IM30276870,9/5/2020,Router
IM30276880,9/5/2020,Router
IM30277240,9/6/2020,Router
IM30277976,9/6/2020,Router
IM30277979,9/6/2020,Switch
IM30277980,9/6/2020,Switch
IM30277981,9/6/2020,Switch
IM30277984,9/6/2020,Router
IM30277993,9/6/2020,Wireless Access Point
IM30277999,9/6/2020,Router
IM30278773,9/6/2020,Switch
IM30278807,9/6/2020,Switch
IM30278922,9/6/2020,Switch
IM30278923,9/6/2020,Switch
IM30278930,9/6/2020,Switch
IM30278935,9/6/2020,Switch
IM30278948,9/6/2020,Switch
IM30278994,9/6/2020,Switch
IM30279116,9/6/2020,Switch
IM30279156,9/6/2020,Router
IM30279369,9/6/2020,Switch
IM30279370,9/6/2020,Switch
IM30279371,9/6/2020,Switch
IM30279413,9/6/2020,Wireless Access Point
IM30279473,9/6/2020,Wireless Access Point
IM30279503,9/6/2020,Wireless Access Point
IM30279960,9/6/2020,Infrastructure Application
IM30280041,9/6/2020,Router
IM30280049,9/6/2020,Router
IM30280749,9/7/2020,Application Instance
IM30280774,9/7/2020,Router
IM30281271,9/7/2020,Router
IM30281342,9/7/2020,Router
IM30281377,9/7/2020,Server
IM30281420,9/7/2020,Switch
IM30281424,9/7/2020,Switch
IM30281425,9/7/2020,Switch
IM30281667,9/7/2020,Router
IM30281671,9/7/2020,Application
IM30281700,9/7/2020,Application
IM30282141,9/7/2020,Switch
IM30282496,9/7/2020,Application Instance
IM30282558,9/7/2020,Router
IM30282559,9/7/2020,Router
IM30282638,9/7/2020,Server
IM30282753,9/7/2020,Router
IM30283298,9/7/2020,Switch
IM30283311,9/7/2020,Switch
IM30283312,9/7/2020,Switch
IM30283610,9/7/2020,Application
IM30283773,9/7/2020,Application
IM30283849,9/7/2020,Server
IM30283870,9/7/2020,Wireless Access Point
IM30283872,9/7/2020,Incident Collector
IM30283879,9/7/2020,Incident Collector
IM30283880,9/7/2020,Server
IM30283948,9/7/2020,Incident Collector
IM30284104,9/7/2020,Switch
IM30284114,9/7/2020,Switch
IM30284318,9/7/2020,Incident Collector
IM30284749,9/7/2020,Wireless Access Point
IM30285110,9/7/2020,Router
IM30285111,9/7/2020,Application Instance
IM30285871,9/7/2020,Server
IM30285878,9/7/2020,Wireless Access Point
IM30286013,9/7/2020,Application
IM30286413,9/8/2020,Switch
IM30286872,9/8/2020,Wireless Access Point
IM30287345,9/8/2020,Application
IM30287353,9/8/2020,Switch
IM30287354,9/8/2020,Router
IM30287356,9/8/2020,Infrastructure Application
IM30287360,9/8/2020,Infrastructure Application
IM30287361,9/8/2020,Router
IM30287368,9/8/2020,Switch
IM30287550,9/8/2020,Router
IM30287621,9/8/2020,Router
IM30287753,9/8/2020,Switch
IM30287758,9/8/2020,Switch
IM30287759,9/8/2020,Switch
IM30287890,9/8/2020,Switch
IM30288083,9/8/2020,Firewall
IM30288098,9/8/2020,Router
IM30288102,9/8/2020,Switch
IM30288107,9/8/2020,Router
IM30288110,9/8/2020,Router
IM30288145,9/8/2020,Switch
IM30288247,9/8/2020,Router
IM30288248,9/8/2020,Switch
IM30288249,9/8/2020,Router
IM30288250,9/8/2020,Router
IM30288251,9/8/2020,Router
IM30288425,9/8/2020,Switch
IM30288684,9/8/2020,Voice Gateway
IM30288918,9/8/2020,Application
IM30289153,9/8/2020,Application
IM30289262,9/8/2020,Application
IM30289274,9/8/2020,Incident Collector
IM30289354,9/8/2020,Incident Collector
IM30289455,9/8/2020,Application
IM30289548,9/8/2020,Switch
IM30289609,9/8/2020,Application
IM30289796,9/8/2020,Application
IM30290060,9/8/2020,Server
IM30290109,9/8/2020,Switch
IM30290120,9/8/2020,Switch
IM30290127,9/8/2020,Switch
IM30290128,9/8/2020,Switch
IM30290336,9/8/2020,Application
IM30290365,9/8/2020,Intrusion Detection System
IM30290366,9/8/2020,Router
IM30290413,9/8/2020,Application
IM30290624,9/8/2020,Application
IM30290876,9/8/2020,Switch
IM30290897,9/8/2020,Application
IM30290912,9/8/2020,Switch
IM30291070,9/8/2020,Intrusion Detection System
IM30291091,9/8/2020,Server
IM30291117,9/8/2020,Application
IM30291119,9/8/2020,Application
IM30291124,9/8/2020,Application
IM30291128,9/8/2020,Application
IM30291129,9/8/2020,Application
IM30291138,9/8/2020,Server
IM30291144,9/8/2020,Server
IM30291152,9/8/2020,Voice Gateway
IM30291154,9/8/2020,Switch
IM30291186,9/8/2020,Router
IM30291224,9/8/2020,Application
IM30291327,9/8/2020,Incident Collector
IM30291364,9/8/2020,Application Instance
IM30291372,9/8/2020,Application Instance
IM30291374,9/8/2020,Router
IM30291464,9/8/2020,Switch
IM30291477,9/8/2020,Server
IM30291568,9/8/2020,Switch
IM30291681,9/8/2020,Application
IM30291730,9/8/2020,Application
IM30291731,9/8/2020,Application
IM30291810,9/8/2020,Application
IM30291812,9/8/2020,Application
IM30291848,9/8/2020,Application
IM30291858,9/8/2020,Application
IM30291860,9/8/2020,Application
IM30291974,9/8/2020,Router
IM30292017,9/8/2020,Application
IM30292049,9/8/2020,Incident Collector
IM30292080,9/8/2020,Application
IM30288150,9/8/2020,Firewall
IM30288789,9/8/2020,Incident Collector
IM30289526,9/8/2020,Router
IM30289721,9/8/2020,Application
IM30291086,9/8/2020,Server
IM30292410,9/8/2020,Switch
IM30292411,9/8/2020,Switch
IM30292412,9/8/2020,Switch
IM30290870,9/8/2020,Server
IM30292329,9/8/2020,Router
